O1,O2,Count
ATG,CAT,7246
AAT,ATT,6917
ACT,AGT,6634
ATC,GAT,6500
GGA,TCC,6467
GAA,TTC,6425
CTC,GAG,6371
AAC,GTT,6367
CCG,CGG,6274
CAA,TTG,6231
CAC,GTG,6201
CAG,CTG,6171
CCC,GGG,6051
GTA,TAC,6051
GAC,GTC,5923
ACC,GGT,5909
ACG,CGT,5894
CCA,TGG,5861
AAG,CTT,5858
AGG,CCT,5722
GCA,TGC,5552
CGA,TCG,5445
CTA,TAG,5340
CGC,GCG,5286
ACA,TGT,5191
GCC,GGC,4960
AGC,GCT,4717
AGA,TCT,4559
ATA,TAT,4496
AAA,TTT,3750
GCC,GGT,1206
CCT,GGG,1005
CGT,GCG,988
GCT,GGC,879
GAC,GTT,840
GAT,GTC,765
TCA,TGA,751
CTT,GAG,720
CAT,GTG,559
CTC,GTG,406
ACC,GGC,392
ACG,CGC,364
AGT,GCT,337
ACT,GGT,328
ATT,GAT,321
GCA,TGT,304
AAT,GTT,228
TAA,TTA,228
AAC,GTC,208
AGG,CCA,202
GCC,GGA,173
GAA,TTT,154
GGA,TCT,153
AAG,CTC,142
AAC,GTA,138
AAG,CTA,120
AGG,CCC,117
GGG,TCC,115
ATG,CTT,113
ACC,GGG,113
AGC,GCA,111
GTG,TAC,108
ACC,GGA,106
AGC,GCC,104
GAC,GTA,104
CTG,CTG,95
GCA,GGC,92
CGA,GCG,90
ACG,CGG,87
ATG,CAC,81
CCA,GGG,79
CTA,GAG,78
GCC,GTC,76
GAC,GTG,71
GCG,TGC,70
GTA,TAT,69
ATC,GAC,68
ACG,CGA,61
CTC,GGG,61
GTC,GTC,57
GGC,GTC,55
ACT,AGC,53
CGG,TCG,52
GAA,GTC,50
CCG,TGG,50
GCC,GGG,49
CCC,GTG,46
CTC,GCG,45
AAC,GTG,43
ACT,AGG,38
CAC,GCG,38
ATC,GTT,38
AAT,ATC,37
AGG,CCG,37
GAC,GGC,33
AAG,CTG,32
GAC,GCC,31
CTG,TAG,31
ACA,TGC,31
CGG,GCG,30
ATC,GGT,30
CTT,TAG,30
AGG,CTT,29
CTG,GAG,29
CAG,TTG,29
AGG,TCT,28
AGC,GCG,27
GTT,TAC,27
CGT,GAG,26
CAA,GTG,26
ATC,GAA,25
ACG,TGT,25
ACC,GTT,24
CCG,CTG,21
CAG,GTG,21
GCC,GTT,21
ATG,TAT,21
AGC,GTT,20
ACA,TGG,20
ATC,GAG,19
CGC,GTG,19
GCT,TGC,18
CCT,TGG,18
GAG,TTC,18
ACC,AGT,17
AGA,GCT,17
GCG,GGC,17
CAC,GGG,17
CCC,GGT,17
GAG,GTC,17
AAG,TTT,17
AGT,ATT,16
ATA,GAT,16
GCA,TGA,16
AAT,ATA,15
CGG,CTG,15
CCC,GAG,15
ATG,CAA,14
CCT,CGG,14
AGC,GGT,14
AGA,TCA,14
AAG,CGT,13
CGC,GAG,13
CAC,GTT,13
GGT,TCC,13
ACA,GGT,12
ACA,TGA,12
AGA,TTT,12
CAC,GAG,11
ACC,GAT,11
AGC,GAT,11
GGC,GGC,11
AAC,GGT,11
CAT,TTG,11
CTA,TTG,11
ACG,CAT,10
ATA,CAT,10
CAG,CTT,10
CAC,GTA,10
GAT,TTC,10
GGA,TTC,10
ACT,AGA,9
ATT,ATT,9
ATT,CAT,9
ATG,CCT,9
CCA,CGG,9
AGG,GCT,9
CGC,GCT,9
ATA,TGT,9
CAG,CGG,8
AGG,CGT,8
CCG,CGT,8
ACG,CTT,8
ATG,GAT,8
CTC,TAG,8
AGT,TCT,8
ACT,TGT,8
ACG,AGT,7
AAC,ATT,7
AAG,CAT,7
AGT,CCT,7
CGC,GCA,7
ATC,GCT,7
CCC,GGA,7
CCC,GGC,7
CCG,GGG,7
CGC,GGG,7
GCC,GTA,7
GCT,GTC,7
CTT,GTG,7
ATT,TAT,7
GGA,TCA,7
CGT,TCG,7
CTA,TGG,7
GCA,TGG,7
GTA,TTC,7
AAT,ACT,6
AAT,ATG,6
ACG,CCT,6
ATG,CGT,6
ATG,CTG,6
CTC,GAA,6
AAC,GAT,6
CCT,GTG,6
GTA,TGC,6
CCC,TGG,6
AAA,TTC,6
AAG,ATT,5
ATG,CAG,5
AGG,CAT,5
CCG,CGA,5
ACT,CGT,5
CAG,CTA,5
ACG,CTC,5
CAT,GCG,5
ACG,GGT,5
GAC,GGT,5
ACC,GTG,5
GAT,GTT,5
GTC,GTT,5
GAA,TCC,5
GTA,TCC,5
GGA,TCG,5
AAA,TTG,5
AAT,AAT,4
AAT,AGT,4
CAG,CCG,4
CCG,CCG,4
CCG,CGC,4
AGG,CTA,4
ATG,CTA,4
CAA,CTG,4
GAC,GAC,4
CTC,GAT,4
CAG,GCG,4
CTA,GCG,4
CTT,GCG,4
AAC,GCT,4
ACT,GGC,4
GCT,GGT,4
CGT,GTG,4
GTC,TAC,4
CCA,TAG,4
CGC,TCG,4
GGG,TCT,4
CGA,TGG,4
CTG,TTG,4
ATA,TTT,4
ATA,ATA,3
ACT,ATG,3
CAG,CAG,3
ATG,CCG,3
AAG,CGA,3
CAG,CGT,3
AGG,CTC,3
CAG,CTC,3
ACG,CTG,3
CCT,GAG,3
GCT,GGA,3
GAT,GGC,3
CTA,GGG,3
CTT,GGG,3
AGC,GTA,3
AAA,GTT,3
AAG,GTT,3
GAA,TAC,3
GGA,TAC,3
AAA,TAT,3
ATC,TAT,3
GGG,TCA,3
AGA,TCC,3
GGC,TCC,3
AGA,TCG,3
CTA,TCG,3
GGA,TGC,3
TCA,TGG,3
GCG,TGT,3
AAA,TTA,3
GGA,TTA,3
AGA,TTC,3
GTG,TTC,3
GAA,TTG,3
ACA,AGT,2
ATC,ATC,2
AAA,ATT,2
ACT,ATT,2
ATG,CCA,2
AAG,CCT,2
AGA,CCT,2
CGC,CGC,2
ATG,CGG,2
CCC,CGG,2
ACA,CGT,2
ACC,CGT,2
ACG,CTA,2
CTA,CTA,2
CAT,CTG,2
GAC,GAT,2
GAT,GAT,2
ATC,GCA,2
GAA,GCC,2
GAT,GCC,2
GCC,GCC,2
ATC,GCG,2
ATG,GCT,2
GAC,GGA,2
ACT,GGG,2
ATA,GGT,2
ACC,GTA,2
AGC,GTC,2
ACT,GTG,2
GCC,GTG,2
CCC,GTT,2
ATA,TAA,2
ATA,TAC,2
CGA,TAG,2
ACA,TAT,2
AGA,TAT,2
CGA,TCA,2
AGG,TCC,2
GTG,TCC,2
TCG,TCG,2
CGA,TCT,2
CCA,TGA,2
TCG,TGA,2
GAA,TGC,2
GCC,TGC,2
ACG,TGG,2
CTG,TGG,2
ACC,TGT,2
AGA,TGT,2
GCT,TGT,2
GAA,TTA,2
GAC,TTC,2
CCA,TTG,2
CGA,TTG,2
TAA,TTG,2
AAC,TTT,2
ATG,TTT,2
CAA,TTT,2
AAT,ACC,1
ACC,ACC,1
ACG,ACG,1
AGC,AGC,1
ACC,AGG,1
AGT,ATA,1
ATG,ATG,1
ACG,ATT,1
ATG,ATT,1
AAG,CAA,1
AGG,CAA,1
ACG,CAC,1
AGG,CAC,1
AAG,CAG,1
ATC,CAT,1
CAA,CCG,1
CAT,CCG,1
AGC,CCT,1
ATA,CCT,1
CCG,CCT,1
ATG,CGA,1
AGG,CGC,1
CGG,CGG,1
ATA,CGT,1
ATT,CGT,1
CGT,CGT,1
CCG,CTA,1
ATG,CTC,1
CCG,CTC,1
CAC,CTG,1
CTA,CTG,1
CTC,CTG,1
AAA,CTT,1
CCG,CTT,1
CTC,CTT,1
CTG,CTT,1
AAC,GAA,1
AGC,GAA,1
CGC,GAA,1
CTC,GAC,1
AGC,GAG,1
ATT,GAG,1
CAT,GAG,1
ACT,GAT,1
AGT,GAT,1
AGT,GCA,1
GCA,GCA,1
CGC,GCC,1
AAC,GCG,1
CCC,GCG,1
CTG,GCG,1
ACC,GCT,1
ATA,GCT,1
ATT,GCT,1
GCC,GCT,1
AAC,GGA,1
ACA,GGA,1
CCT,GGA,1
ACA,GGC,1
CGC,GGC,1
GAA,GGC,1
GAC,GGG,1
GCT,GGG,1
ATT,GGT,1
CAC,GGT,1
CCT,GGT,1
GCA,GGT,1
GCG,GGT,1
GGC,GGT,1
ATC,GTA,1
CCC,GTA,1
CGC,GTA,1
GGC,GTA,1
AAT,GTC,1
ACC,GTC,1
CAC,GTC,1
GGA,GTC,1
GGT,GTC,1
AGC,GTG,1
ATC,GTG,1
CGA,GTG,1
GTG,GTG,1
ATT,GTT,1
CAG,GTT,1
CAT,GTT,1
CTC,GTT,1
GAG,GTT,1
GGC,GTT,1
GTT,GTT,1
GTA,TAA,1
ACA,TAC,1
AGA,TAC,1
GCA,TAC,1
GGC,TAC,1
TAA,TAC,1
ATA,TAG,1
CGG,TAG,1
GTA,TAG,1
GTT,TAT,1
TAT,TAT,1
GAG,TCC,1
GAT,TCC,1
GTT,TCC,1
AGG,TCG,1
CCA,TCG,1
AAA,TCT,1
GGT,TCT,1
GTA,TCT,1
TAT,TCT,1
TCT,TCT,1
GCG,TGA,1
ACT,TGC,1
CCG,TGC,1
GAT,TGC,1
TCA,TGC,1
ACT,TGG,1
CAA,TGG,1
CTT,TGG,1
GCT,TGG,1
AAA,TGT,1
AGG,TGT,1
CCA,TGT,1
GGA,TGT,1
TCA,TGT,1
AGA,TTA,1
CGA,TTA,1
GAG,TTA,1
TAC,TTA,1
TAG,TTA,1
TAT,TTA,1
TGA,TTA,1
AAT,TTC,1
ACA,TTC,1
GCA,TTC,1
GCC,TTC,1
TAA,TTC,1
ACA,TTG,1
CAC,TTG,1
CTT,TTG,1
GCA,TTG,1
AAT,TTT,1
ACA,TTT,1
GAG,TTT,1
GGA,TTT,1
GTA,TTT,1
TAA,TTT,1
